[{"create-email":"foo@gmail.com","create-time":1611927794737,"title":"Template/Progressive Summarization v2","children":[{"edit-time":1611927799597,"children":[{"string":"<%NOBLOCKOUTPUT%><%JA:```javascript\nvar order = 0;\nvar rootUID;\n\nasync function print(s,uid) {\n    let reg = new RegExp('\\\\^\\\\^(.*?)\\\\^\\\\^','g');\n  \tlet ht = '';\n  \twhile (match = reg.exec(s)) {\n        ht += (ht=='') ? '' : highlightSeparator;\n      \thighlight = match[1];\n      \tif (removeBold)\n        \thighlight = highlight.replaceAll('**','');\n      \tht += highlight;\n    }\n    if(ht != '') {\n    \tht += ' [*]((('+ uid +')))';\n      \troam42.common.createBlock(rootUID, order, ht);\n      \torder += order + 1;\n    } \n}\n\nasync function sortObjectsByOrder(o) {\n    return o.sort(function(a, b) {\n      return a[0].order - b[0].order;\n    });\n}\n\nasync function printChildren(o) {\n    await print(o.string,o.uid);\n    if(o.children) {\n  \t\tvar b = await roam42.common.getBlockInfoByUID(o.uid,true);\n        var c = await roam42.common.sortObjectsByOrder(b[0][0].children);    \n        for(var i=0;i<c.length;i++) \n           \tawait printChildren(c[i]);\n   \t}\n} \n\n//read source page link from parent block\nvar UID;\nUID = document.querySelector(\"textarea.rm-block-input\").id;\nUID = UID.substring( UID.length -9);\nq = `[:find ?s ?uid\n      :where [?b :block/uid \"${UID}\"]\n\t\t\t [?p :block/children ?b]\n\t\t\t [?p :block/string ?s]\n\t\t\t [?p :block/uid ?uid]]`;\nblockInfo = window.roamAlphaAPI.q(q);\nroam42.common.deleteBlock(UID);\nif(blockInfo.length != 1) {\n\talert('Nest command under block containing the [[Page Link]] to your highlighted notes');\n\treturn null;\n}\nrootUID = blockInfo[0][1];\nvar pageTitle = blockInfo[0][0].match('\\\\[{2}(.*)\\\\]{2}');\nif(pageTitle == null) {\n\talert('Can\\'t find [[Page Link]] in parent block');\n  \treturn null;\n} \npageTitle = pageTitle[1];\n\nvar highlightSeparator = prompt('Set text for separating highlights within the paragraph\\nFor example \" \" or \" ... \"',' ... ');\nvar removeBold = prompt('Do you want to remove **bolding** of text?\\ni.e. Make **TEXT** into TEXT\\n[Y]/[N]','Y');\nremoveBold = (removeBold=='Y' || removeBold=='y') ? true : false;\n\n//query for source page\nvar rule = '[[(ancestor ?b ?a)[?a :block/children ?b]]]';\nvar query = `[:find  (pull ?block [:block/string :block/uid :block/order \n                                   :block/heading :block/children])\n              :in $ ?page_title %\n              :where\n              [?page :node/title ?page_title]\n              (ancestor ?block ?page)]`;\nvar results = await window.roamAlphaAPI.q(query, pageTitle, rule);\nresults = await sortObjectsByOrder(results);\nfor (j=0;j<results.length;j++) {\n   await printChildren(results[j][0]);\n}```%>","create-email":"foo@gmail.com","create-time":1611927799597,"uid":"JX4cSZbKL","edit-time":1611927799597,"edit-email":"foo@gmail.com"}],"refs":[{"uid":"sVeeyCg_c"}],"uid":"qhWKKF4J0",":block/refs":[{":block/uid":"sVeeyCg_c"}],"string":"#42SmartBlock Summary v2","create-email":"foo@gmail.com","create-time":1611927799597,"edit-email":"foo@gmail.com"}],"uid":"RtyW33jvj","edit-time":1611927794739,"edit-email":"foo@gmail.com"}]