[{"title":"[[template]]/day","refs":[{"uid":"ZtTuST9SZ"}],"children":[{"edit-time":1610571175419,"children":[{"string":"<%J: ```javascript\nlet UID = document.querySelector(\"textarea.rm-block-input\").id;\nlocalStorage.setItem('today_date_blockRef','((' + UID.substring( UID.length -9) + '))');\nreturn document.querySelector('.rm-title-display').textContent;```%>","create-email":"viczian.zsolt@gmail.com","create-time":1610571175419,"uid":"RyPLg9Yhw","edit-time":1610571175419,"edit-email":"viczian.zsolt@gmail.com"},{"string":"<%NOBLOCKOUTPUT%><%JAVASCRIPTASYNC: ```javascript\nvar settings = {\n  \"url\": \"https://api.quotable.io/random\",\n  \"method\": \"GET\",\n  \"timeout\": 0,\n  \"async\": false\n};\n\n$.ajax(settings).done(function (response) {\n  console.log(response);\n  var jsonQuotes = JSON.stringify(response);\n  var quote = JSON.parse(jsonQuotes);\n  roam42.smartBlocks.activeWorkflow.vars['author'] = quote.author;\n  roam42.smartBlocks.activeWorkflow.vars['quote'] = quote.content + ' #quote';\n});\nreturn '';``` %>","create-email":"viczian.zsolt@gmail.com","create-time":1610571175419,"uid":"Ja0mChv9H","edit-time":1610571175419,"edit-email":"viczian.zsolt@gmail.com"},{"string":"> <%GET:quote%>\n[[<%GET:author%>]]","create-email":"viczian.zsolt@gmail.com","create-time":1610571175419,"refs":[{"uid":"hqHB6XtoR"}],"uid":"En_hqyJl4","edit-time":1610571175419,"edit-email":"viczian.zsolt@gmail.com",":block/refs":[{":block/uid":"hqHB6XtoR"}]},{"string":"<%IFDAYOFWEEK:2,3,4,5,6,7%>**Top 3 goals for today**","create-email":"viczian.zsolt@gmail.com","create-time":1610571175419,"children":[{"string":"<%IFDAYOFWEEK:2,3,4,5,6,7%> ","create-email":"viczian.zsolt@gmail.com","create-time":1610571175419,"uid":"wdDJM0rLZ","edit-time":1610571175419,"edit-email":"viczian.zsolt@gmail.com"}],"uid":"fSyBOGdI6","edit-time":1610571175419,"edit-email":"viczian.zsolt@gmail.com"},{"string":"<%IFDAYOFWEEK:1%>**Top 3 goals for this week**","create-email":"viczian.zsolt@gmail.com","create-time":1610571175419,"children":[{"string":"<%IFDAYOFWEEK:1%> ","create-email":"viczian.zsolt@gmail.com","create-time":1610571175419,"uid":"if_B4uUvc","edit-time":1610571175419,"edit-email":"viczian.zsolt@gmail.com"}],"uid":"0LCPm5dTZ","edit-time":1610571175419,"edit-email":"viczian.zsolt@gmail.com"},{"string":"**Meetings** ","create-email":"viczian.zsolt@gmail.com","create-time":1610571175419,"children":[{"string":"","create-email":"viczian.zsolt@gmail.com","create-time":1610571175419,"uid":"-TZysTQzc","edit-time":1610571175418,"edit-email":"viczian.zsolt@gmail.com"}],"uid":"4swvE_cYp","edit-time":1610571175419,"edit-email":"viczian.zsolt@gmail.com"},{"string":"**Today’s successes**","create-email":"viczian.zsolt@gmail.com","create-time":1610571175419,"children":[{"string":" ","create-email":"viczian.zsolt@gmail.com","create-time":1610571175419,"uid":"7VuHlvBja","edit-time":1610571175419,"edit-email":"viczian.zsolt@gmail.com"}],"uid":"rSvVDuIb2","edit-time":1610571175419,"edit-email":"viczian.zsolt@gmail.com"},{"string":"**How could I have made today better?**","create-email":"viczian.zsolt@gmail.com","create-time":1610571175419,"children":[{"string":" ","create-email":"viczian.zsolt@gmail.com","create-time":1610571175419,"uid":"I6IGYutsf","edit-time":1610571175419,"edit-email":"viczian.zsolt@gmail.com"}],"uid":"Vx2YMVp9E","edit-time":1610571175419,"edit-email":"viczian.zsolt@gmail.com"},{"string":"**Notes**","create-email":"viczian.zsolt@gmail.com","create-time":1610571175419,"children":[{"string":"","create-email":"viczian.zsolt@gmail.com","create-time":1610571175419,"uid":"ozWaJy36X","edit-time":1610571175419,"edit-email":"viczian.zsolt@gmail.com"}],"uid":"8E7wOlSCy","edit-time":1610571175419,"edit-email":"viczian.zsolt@gmail.com"},{"string":"**TODO**","create-email":"viczian.zsolt@gmail.com","create-time":1610571175419,"children":[{"string":"**Tasks for today**","create-email":"viczian.zsolt@gmail.com","create-time":1610571175419,"children":[{"string":"{{[[query]]: {and: [[TODO]] {not: {or: [[query]]}} <%DATE:today%> }}}","create-email":"viczian.zsolt@gmail.com","create-time":1610571175419,"refs":[{"uid":"8xtPd_RSy"},{"uid":"cF2ngu_XZ"}],"uid":"-rSTli48Z","edit-time":1610571175419,"edit-email":"viczian.zsolt@gmail.com",":block/refs":[{":block/uid":"8xtPd_RSy"},{":block/uid":"cF2ngu_XZ"}]}],"uid":"jXlyDvYiq","edit-time":1610571175419,"edit-email":"viczian.zsolt@gmail.com"},{"string":"**Overdue from previous month**","create-email":"viczian.zsolt@gmail.com","create-time":1610571175419,"children":[{"string":"{{[[query]]: {and: [[TODO]] {not: {or: [[query]]}} {between: <%DATE:yesterday%> <%DATE:one month ago%>} }}} ","create-email":"viczian.zsolt@gmail.com","create-time":1610571175419,"refs":[{"uid":"8xtPd_RSy"},{"uid":"cF2ngu_XZ"}],"uid":"C0qVu7s6r","edit-time":1610571175419,"edit-email":"viczian.zsolt@gmail.com",":block/refs":[{":block/uid":"8xtPd_RSy"},{":block/uid":"cF2ngu_XZ"}]}],"uid":"DWabjHON-","edit-time":1610571175419,"edit-email":"viczian.zsolt@gmail.com"}],"uid":"rSRxnav7d","edit-time":1610571175419,"edit-email":"viczian.zsolt@gmail.com"}],"refs":[{"uid":"sVeeyCg_c"}],"uid":"-ZquLP8DT",":block/refs":[{":block/uid":"sVeeyCg_c"}],"string":"#42SmartBlock day","create-email":"viczian.zsolt@gmail.com","create-time":1610571175419,"edit-email":"viczian.zsolt@gmail.com"},{"edit-time":1610571231107,"children":[{"string":"<%NOBLOCKOUTPUT%><%J:```javascript\nlet UID = document.querySelector(\"textarea.rm-block-input\").id;\nlocalStorage.setItem('today_date_blockRef','((' + UID.substring( UID.length -9) + '))');```%>","create-email":"viczian.zsolt@gmail.com","create-time":1608023746833,"uid":"plf8jMSru","edit-time":1610571231107,"edit-email":"viczian.zsolt@gmail.com"}],"refs":[{"uid":"sVeeyCg_c"}],"uid":"HjD4KDd1C",":block/refs":[{":block/uid":"sVeeyCg_c"}],"string":"#42SmartBlock store date blockref","create-email":"viczian.zsolt@gmail.com","create-time":1608023723702,"edit-email":"viczian.zsolt@gmail.com"}],"edit-time":1597260933928,"edit-email":"viczian.zsolt@gmail.com",":block/refs":[{":block/uid":"ZtTuST9SZ"}]}]