[{"create-email":"foo@gmail.com","create-time":1611826598386,"title":"Template/De Bono","children":[{"string":"[De Bono's Algorithms of Thought  for Lateral Thinking and Creativity Part 1](https://www.zsolt.blog/2020/12/de-bonos-algorithms-of-thought-for.html)","create-email":"foo@gmail.com","create-time":1611857049227,"children":[{"edit-time":1611835253325,"children":[{"edit-time":1611835253325,"children":[{"string":"**Situation:** <%JAVASCRIPT: situation=prompt('What situation are you facing?');roam42.smartBlocks.activeWorkflow.vars['situation']=situation; return situation;%>","create-email":"foo@gmail.com","create-time":1611826630452,"uid":"h4KWZDaIa","edit-time":1611835253324,"edit-email":"foo@gmail.com"},{"string":"**Factors to consider:**","create-email":"foo@gmail.com","create-time":1611826630452,"children":[{"string":"<%J: ```javascript\nfactor1 = prompt('Tell me one factor that comes to mind when thinking about \"' \n                 + roam42.smartBlocks.activeWorkflow.vars['situation'] + '\"'); \nmsg='Factors for \"' + roam42.smartBlocks.activeWorkflow.vars['situation'] \n    + '\":\\n- ' + factor1 + '\\n'; \nroam42.smartBlocks.activeWorkflow.outputAdditionalBlock(factor1, false);\n\ndo { \n  factor = prompt(msg+'What else must be considered?\\n(Empty Ok or Cancel to STOP)'); \n  if(factor!='' && !(factor === null)) { \n    roam42.smartBlocks.activeWorkflow.outputAdditionalBlock(factor, false); \n    msg += '- '+factor+'\\n'; \n  } \n} while (factor!='' && !(factor === null)); ```%>","create-email":"foo@gmail.com","create-time":1611826630452,"uid":"LOulBYHeL","edit-time":1611835253325,"edit-email":"foo@gmail.com"}],"uid":"FYjjcGRXM","edit-time":1611835253325,"edit-email":"foo@gmail.com"}],"refs":[{"uid":"EdYUKB2L8"}],"uid":"gQGqbafhm",":block/refs":[{":block/uid":"EdYUKB2L8"}],"string":"#CAF","create-email":"foo@gmail.com","create-time":1611826630452,"edit-email":"foo@gmail.com"}],"refs":[{"uid":"qrZ7KRrOY"},{"uid":"sVeeyCg_c"},{"uid":"VAe0N-MIu"}],"uid":"Wj7aeDW8r",":block/refs":[{":block/uid":"qrZ7KRrOY"},{":block/uid":"sVeeyCg_c"},{":block/uid":"VAe0N-MIu"}],"string":"#42SmartBlock CAF - [[[[AoT]]/CAF: Consider All Factors]]","create-email":"foo@gmail.com","create-time":1611826630452,"edit-email":"foo@gmail.com"},{"edit-time":1611835253310,"children":[{"edit-time":1611835253310,"children":[{"string":"**Situation:** <%JAVASCRIPT: situation=prompt('What situation are you facing?');roam42.smartBlocks.activeWorkflow.vars['situation']=situation; return situation;%>","create-email":"foo@gmail.com","create-time":1611826830781,"uid":"jEbuteOTC","edit-time":1611835253305,"edit-email":"foo@gmail.com"},{"string":"**Alternatives, Possibilities, Choices:**","create-email":"foo@gmail.com","create-time":1611826830781,"children":[{"string":"<%J: ```javascript\nfactor1 = prompt('Tell me one way to approach to \"' \n                 + roam42.smartBlocks.activeWorkflow.vars['situation'] + '\"'); \nmsg='Alternatives, Possibilities and Choices for \"' \n    + roam42.smartBlocks.activeWorkflow.vars['situation'] \n    + '\":\\n- ' + factor1 + '\\n'; \nroam42.smartBlocks.activeWorkflow.outputAdditionalBlock(factor1, false); \n\ndo { \n  factor = prompt(msg+'What additional alternatives can you think of?\\n(Empty Ok or Cancel to STOP)'); \n  if(factor!='' && !(factor === null)) { \n    roam42.smartBlocks.activeWorkflow.outputAdditionalBlock(factor, false); \n    msg += '- '+factor+'\\n'; \n  } \n} while (factor!='' && !(factor === null)); ```%>","create-email":"foo@gmail.com","create-time":1611826830781,"uid":"pKy2zasVS","edit-time":1611835253309,"edit-email":"foo@gmail.com"}],"uid":"lWjqVn4uL","edit-time":1611835253309,"edit-email":"foo@gmail.com"}],"refs":[{"uid":"g5-MSHw88"}],"uid":"su02n1Waw",":block/refs":[{":block/uid":"g5-MSHw88"}],"string":"#APC","create-email":"foo@gmail.com","create-time":1611826830781,"edit-email":"foo@gmail.com"}],"refs":[{"uid":"qrZ7KRrOY"},{"uid":"sVeeyCg_c"},{"uid":"nivrwQTwY"}],"uid":"7jkjWaYdO",":block/refs":[{":block/uid":"qrZ7KRrOY"},{":block/uid":"sVeeyCg_c"},{":block/uid":"nivrwQTwY"}],"string":"#42SmartBlock APC - [[[[AoT]]/APC: Alternatives, Possibilities, Choices]]","create-email":"foo@gmail.com","create-time":1611826830781,"edit-email":"foo@gmail.com"},{"edit-time":1611835253311,"children":[{"edit-time":1611835253311,"children":[{"string":"**Situation:** <%JAVASCRIPT: situation=prompt('What situation are you facing?'); roam42.smartBlocks.activeWorkflow.vars['situation']=situation; return situation;%>","create-email":"foo@gmail.com","create-time":1607179291295,"uid":"u_-OrENai","edit-time":1611835253310,"edit-email":"foo@gmail.com"},{"string":"**Who are affected and what are their views?**","create-email":"foo@gmail.com","create-time":1607179291295,"children":[{"string":"{{table}}","create-email":"foo@gmail.com","create-time":1607179394003,"children":[{"string":"<%NOBLOCKOUTPUT%><%JA:```javascript\nfunction addPersonView(uid, person,order,views) {\n  let uid2 = roam42.common.createUid();\n  window.roamAlphaAPI.createBlock(\n    {\"location\":{\"parent-uid\":uid,\"order\": order},\"block\":{\"string\":person,\"uid\":uid2}});\n  window.roamAlphaAPI.createBlock(\n    {\"location\":{\"parent-uid\":uid2,\"order\": 0},\"block\":{\"string\":views}});\n}\n\nlet uid = document.querySelector(\"textarea.rm-block-input\").id;\nuid = uid.substring( uid.length -9);\naddPersonView(uid,'**People or groups affected**',0,'**What views are they holding?**');\n     \nperson1 = prompt('Tell me a person or group who is affected by \"' \n                 + roam42.smartBlocks.activeWorkflow.vars['situation'] + '\"');\n\nmsg='People or groups affected by \"' + roam42.smartBlocks.activeWorkflow.vars['situation'] \n                                     + '\":\\n- ' + person1 + '\\n'; \nvar people = [person1];\ndo { \n     person = prompt(msg+'Name another person or group affected?\\n(Empty Ok or Cancel to STOP)'); \n     if(person !='') { \n          people.push(person);\n          msg += '- '+person+'\\n'; \n     } \n} while (person!='');\n\nfor(var i=0; i < people.length; i++) {\n  view1 = prompt('Put yourself in the shoes of ' + people[i] + '. How do you view the situation, what are you thinking?');\n  msg='- ' + view1; \n  do { \n    view = prompt('Views and thoughts of ' + people[i] + ' are:\\n'+msg+'\\nAs ' + people[i] + ' what else are you thinking?\\n(Empty Ok or Cancel to STOP)'); \n    if(view !='') { \n      msg += '\\n- '+view; \n    } \n  } while (view!=''); \n  addPersonView(uid, people[i],i+1,msg);\n}```\n%>","create-email":"foo@gmail.com","create-time":1607194125131,"uid":"YtULC68ys","edit-time":1611863875566,"edit-email":"foo@gmail.com"}],"uid":"LenqqwVGg","edit-time":1611835253310,"edit-email":"foo@gmail.com"}],"uid":"IdVVmVH8M","edit-time":1611835253310,"edit-email":"foo@gmail.com"}],"refs":[{"uid":"D7fxyTCNZ"}],"uid":"UMqFteow8",":block/refs":[{":block/uid":"D7fxyTCNZ"}],"string":"#OPV","create-email":"foo@gmail.com","create-time":1607234596041,"edit-email":"foo@gmail.com"}],"refs":[{"uid":"qrZ7KRrOY"},{"uid":"sVeeyCg_c"},{"uid":"_crpDAvoj"}],"uid":"SBjoZOvb_",":block/refs":[{":block/uid":"qrZ7KRrOY"},{":block/uid":"sVeeyCg_c"},{":block/uid":"_crpDAvoj"}],"string":"#42SmartBlock OPV - [[[[AoT]]/OPV: Other People's Views]]","create-email":"foo@gmail.com","create-time":1607179291295,"edit-email":"foo@gmail.com"},{"edit-time":1611835253318,"children":[{"edit-time":1611835253317,"children":[{"string":"**Situation:** <%CURSOR%>","create-email":"foo@gmail.com","create-time":1607199972757,"children":[{"string":"What is the ideal, worst and most likely outcome?","create-email":"foo@gmail.com","create-time":1607199972757,"children":[{"string":"Immediately","create-email":"foo@gmail.com","create-time":1607199972757,"children":[{"string":" ","create-email":"foo@gmail.com","create-time":1607199995907,"uid":"YkYqXvfg9","edit-time":1611835253316,"edit-email":"foo@gmail.com"}],"uid":"CGb91uElm","edit-time":1611835253316,"edit-email":"foo@gmail.com"},{"string":"Short-term","create-email":"foo@gmail.com","create-time":1607199972757,"children":[{"string":" ","create-email":"foo@gmail.com","create-time":1607199972757,"uid":"JISvS7c9Y","edit-time":1611835253315,"edit-email":"foo@gmail.com"}],"uid":"Dx2Amtlcs","edit-time":1611835253315,"edit-email":"foo@gmail.com"},{"string":"Medium-term","create-email":"foo@gmail.com","create-time":1607199972757,"children":[{"string":" ","create-email":"foo@gmail.com","create-time":1607199972757,"uid":"jDScpcvbK","edit-time":1611835253315,"edit-email":"foo@gmail.com"}],"uid":"vwLQ8JEkh","edit-time":1611835253315,"edit-email":"foo@gmail.com"},{"string":"Long-term","create-email":"foo@gmail.com","create-time":1607199972757,"children":[{"string":" ","create-email":"foo@gmail.com","create-time":1607199972757,"uid":"8zIJr1RUu","edit-time":1611835253313,"edit-email":"foo@gmail.com"}],"uid":"4gEHeTX9d","edit-time":1611835253315,"edit-email":"foo@gmail.com"}],"uid":"_tC90Fm6d","edit-time":1611835253316,"edit-email":"foo@gmail.com"},{"string":"What are the benefits?","create-email":"foo@gmail.com","create-time":1607199972757,"children":[{"string":" ","create-email":"foo@gmail.com","create-time":1607199972757,"uid":"aOQRsaQnQ","edit-time":1611835253316,"edit-email":"foo@gmail.com"}],"uid":"nrU4Iq72n","edit-time":1611835253316,"edit-email":"foo@gmail.com"},{"string":"What could be some problems or risks?","create-email":"foo@gmail.com","create-time":1607199972757,"children":[{"string":" ","create-email":"foo@gmail.com","create-time":1607199972757,"uid":"9Jq2w3eV3","edit-time":1611835253316,"edit-email":"foo@gmail.com"}],"uid":"3dRXpnd7s","edit-time":1611835253316,"edit-email":"foo@gmail.com"},{"string":"What are the costs?","create-email":"foo@gmail.com","create-time":1607199972757,"children":[{"string":" ","create-email":"foo@gmail.com","create-time":1607199972757,"uid":"EH55SakLE","edit-time":1611835253311,"edit-email":"foo@gmail.com"}],"uid":"LA9GJR3ol","edit-time":1611835253311,"edit-email":"foo@gmail.com"},{"string":"How certain are you about your prediction as to what will happen?","create-email":"foo@gmail.com","create-time":1607199972757,"children":[{"string":"{{slider}}","create-email":"foo@gmail.com","create-time":1607199972757,"uid":"qOWOrG-ST","edit-time":1611835253312,"edit-email":"foo@gmail.com"}],"uid":"Jod9sTc5D","edit-time":1611835253312,"edit-email":"foo@gmail.com"}],"uid":"zTWpEvw4Y","edit-time":1611835253316,"edit-email":"foo@gmail.com"}],"refs":[{"uid":"umgJOTw6_"}],"uid":"UCzTqJJs_",":block/refs":[{":block/uid":"umgJOTw6_"}],"string":"#CnS","create-email":"foo@gmail.com","create-time":1607234526398,"edit-email":"foo@gmail.com"}],"refs":[{"uid":"qrZ7KRrOY"},{"uid":"sVeeyCg_c"},{"uid":"j0CMDAEr4"}],"uid":"bCL-t06n6",":block/refs":[{":block/uid":"qrZ7KRrOY"},{":block/uid":"sVeeyCg_c"},{":block/uid":"j0CMDAEr4"}],"string":"#42SmartBlock CnS [[[[AoT]]/CnS: Consequence and Sequel]]","create-email":"foo@gmail.com","create-time":1607199953900,"edit-email":"foo@gmail.com"},{"edit-time":1611835253321,"children":[{"edit-time":1611835253321,"children":[{"string":"**Case:** <%JAVASCRIPT: situation=prompt('What case/proposal are you facing?');roam42.smartBlocks.activeWorkflow.vars['situation']=situation; return situation;%>","create-email":"foo@gmail.com","create-time":1607200735898,"uid":"WWvcZXcP9","edit-time":1611835253318,"edit-email":"foo@gmail.com"},{"string":"**Plus:**","create-email":"foo@gmail.com","create-time":1607200871340,"children":[{"string":"<%J: ```javascript\nfactor1 = prompt('Tell me one PLUS aspect that comes to mind when thinking about \"' \n                 + roam42.smartBlocks.activeWorkflow.vars['situation'] + '\"'); \nmsg='Factors for \"' \n     + roam42.smartBlocks.activeWorkflow.vars['situation'] \n     + '\":\\n- ' + factor1 + '\\n';\nroam42.smartBlocks.activeWorkflow.outputAdditionalBlock(factor1, false);\n\ndo { \n  factor = prompt(msg+'What other PLUS aspects can you think of?\\n(Empty Ok or Cancel to STOP)'); \n  if(factor!='' && !(factor === null)) { \n    roam42.smartBlocks.activeWorkflow.outputAdditionalBlock(factor, false); \n    msg += '- '+factor+'\\n'; \n  } \n} while (factor!='' && !(factor === null)); ``` %>","create-email":"foo@gmail.com","create-time":1607202780919,"uid":"PppOqLga0","edit-time":1611835253319,"edit-email":"foo@gmail.com"}],"uid":"CDJGpzYY0","edit-time":1611835253319,"edit-email":"foo@gmail.com"},{"string":"**Minus:**","create-email":"foo@gmail.com","create-time":1607202918758,"children":[{"string":"<%J: ```javascript\nfactor1 = prompt('Tell me one MINUS aspect that comes to mind when thinking about \"' \n                 + roam42.smartBlocks.activeWorkflow.vars['situation'] + '\"'); \nmsg='Factors for \"' \n     + roam42.smartBlocks.activeWorkflow.vars['situation'] \n     + '\":\\n- ' + factor1 + '\\n'; \nroam42.smartBlocks.activeWorkflow.outputAdditionalBlock(factor1, false);\n\ndo { \n  factor = prompt(msg+'What other MINUS aspects can you think of?\\n(Empty Ok or Cancel to STOP)'); \n  if(factor!='' && !(factor === null)) { \n    roam42.smartBlocks.activeWorkflow.outputAdditionalBlock(factor, false); \n    msg += '- '+factor+'\\n'; \n  } \n} while (factor!='' && !(factor === null)); ```%>","create-email":"foo@gmail.com","create-time":1607202928989,"uid":"yEKiLLaac","edit-time":1611835253319,"edit-email":"foo@gmail.com"}],"uid":"x2iGjkpWr","edit-time":1611835253319,"edit-email":"foo@gmail.com"},{"string":"**Interesting:**","create-email":"foo@gmail.com","create-time":1607202935862,"children":[{"string":"<%J: ```javascript\nfactor1 = prompt('Tell me one INTERESTING aspect that comes to mind when thinking about \"' \n                 + roam42.smartBlocks.activeWorkflow.vars['situation'] + '\"'); \n\nmsg='Factors for \"' \n    + roam42.smartBlocks.activeWorkflow.vars['situation'] \n    + '\":\\n- ' + factor1 + '\\n'; \nroam42.smartBlocks.activeWorkflow.outputAdditionalBlock(factor1, false); \n\ndo { \n  factor = prompt(msg+'What other INTERESTING aspects can you think of?\\n(Empty Ok or Cancel to STOP)'); \n  if(factor!='' && !(factor === null)) { \n    roam42.smartBlocks.activeWorkflow.outputAdditionalBlock(factor, false); \n    msg += '- '+factor+'\\n'; \n  } \n} while (factor!='' && !(factor === null)); ```%>","create-email":"foo@gmail.com","create-time":1607202942406,"uid":"s2DwNd9ld","edit-time":1611835253320,"edit-email":"foo@gmail.com"}],"uid":"_PBg7WDwl","edit-time":1611835253321,"edit-email":"foo@gmail.com"}],"refs":[{"uid":"Q6RrZd32Q"}],"uid":"RKA6w6OLX",":block/refs":[{":block/uid":"Q6RrZd32Q"}],"string":"#PMI","create-email":"foo@gmail.com","create-time":1607202615486,"edit-email":"foo@gmail.com"}],"refs":[{"uid":"qrZ7KRrOY"},{"uid":"sVeeyCg_c"},{"uid":"8RDd8UBQ5"}],"uid":"gNyUG9P0h",":block/refs":[{":block/uid":"qrZ7KRrOY"},{":block/uid":"sVeeyCg_c"},{":block/uid":"8RDd8UBQ5"}],"string":"#42SmartBlock PMI - [[[[AoT]]/PMI: Plus, Minus and Interesting]]","create-email":"foo@gmail.com","create-time":1607200725484,"edit-email":"foo@gmail.com"}],"uid":"3oXypDTof","edit-time":1611857130341,"edit-email":"foo@gmail.com"},{"string":"[De Bono's Algorithms of Thought  for Handling Disagreements](https://www.zsolt.blog/2020/12/de-bonos-algorithms-of-thought-for_8.html)","create-email":"foo@gmail.com","create-time":1611857134310,"children":[{"edit-time":1611835253324,"children":[{"edit-time":1611835253324,"children":[{"string":"**Case:** <%J: ```javascript\nsituation=prompt('Consider the other\\'s point of view in the disagreement or negotiation situation. What really is the other point of view? Remember to do your best to remain neutral in your assessment!');\nroam42.smartBlocks.activeWorkflow.vars['situation']=situation; \nreturn situation;```%>","create-email":"foo@gmail.com","create-time":1611832672962,"uid":"JazKZKlU2","edit-time":1611835253323,"edit-email":"foo@gmail.com"},{"string":"**Agreement:**","create-email":"foo@gmail.com","create-time":1611832672962,"children":[{"string":"<%J: ```javascript\nfactor1 = prompt('What are you in agreement about regarding \"' \n                 + roam42.smartBlocks.activeWorkflow.vars['situation'] + '\"'); \nmsg='Factors for \"' + roam42.smartBlocks.activeWorkflow.vars['situation'] \n    + '\":\\n- ' + factor1 + '\\n'; \nroam42.smartBlocks.activeWorkflow.outputAdditionalBlock(factor1, false);\n\ndo { \n  factor = prompt(msg+'What other aspects do the two of you agree on?\\n(Empty Ok or Cancel to STOP)');\n  if(factor!='' && !(factor === null)) { \n    roam42.smartBlocks.activeWorkflow.outputAdditionalBlock(factor, false); \n    msg += '- '+factor+'\\n'; \n  } \n} while (factor!='' && !(factor === null)); ```%>","create-email":"foo@gmail.com","create-time":1611832672962,"uid":"q7D2H3GMj","edit-time":1611835253323,"edit-email":"foo@gmail.com"}],"uid":"M2J_5oaJJ","edit-time":1611835253323,"edit-email":"foo@gmail.com"},{"string":"**Disagreement:**","create-email":"foo@gmail.com","create-time":1611832672962,"children":[{"string":"<%J: ```javascript\nfactor1 = prompt('What are you in disagreement about regarding \"' \n                 + roam42.smartBlocks.activeWorkflow.vars['situation'] + '\"'); \nmsg='Factors for \"' + roam42.smartBlocks.activeWorkflow.vars['situation'] \n    + '\":\\n- ' + factor1 + '\\n'; \nroam42.smartBlocks.activeWorkflow.outputAdditionalBlock(factor1, false);\n\ndo { \n  factor = prompt(msg+'What other aspects do the two of you disagree on?\\n(Empty Ok or Cancel to STOP)'); \n  if(factor!='' && !(factor === null)) { \n    roam42.smartBlocks.activeWorkflow.outputAdditionalBlock(factor, false); \n    msg += '- '+factor+'\\n'; \n  } \n} while (factor!='' && !(factor === null)); ```%>","create-email":"foo@gmail.com","create-time":1611832672962,"uid":"goKST-S2P","edit-time":1611835253323,"edit-email":"foo@gmail.com"}],"uid":"KkQFbYM26","edit-time":1611835253324,"edit-email":"foo@gmail.com"},{"string":"**Irrelevance:**","create-email":"foo@gmail.com","create-time":1611832672962,"children":[{"string":"<%J: ```javascript\nfactor1 = prompt('What are of irrelevance to you regarding \"' \n                 + roam42.smartBlocks.activeWorkflow.vars['situation'] + '\"'); \nmsg='Factors for \"' + roam42.smartBlocks.activeWorkflow.vars['situation'] \n    + '\":\\n- ' + factor1 + '\\n'; \nroam42.smartBlocks.activeWorkflow.outputAdditionalBlock(factor1, false);\n\ndo { \n  factor = prompt(msg+'What other aspects are of irrelevance?\\n(Empty Ok or Cancel to STOP)'); \n  if(factor!='' && !(factor === null)) { \n    roam42.smartBlocks.activeWorkflow.outputAdditionalBlock(factor, false); \n    msg += '- '+factor+'\\n'; \n  } \n} while (factor!='' && !(factor === null)); ```%>","create-email":"foo@gmail.com","create-time":1611832672962,"uid":"Cyzpy4fRB","edit-time":1611835253324,"edit-email":"foo@gmail.com"}],"uid":"YGysrYl9m","edit-time":1611835253324,"edit-email":"foo@gmail.com"}],"refs":[{"uid":"6gwBttLCb"}],"uid":"aa47S_VRT",":block/refs":[{":block/uid":"6gwBttLCb"}],"string":"#ADI","create-email":"foo@gmail.com","create-time":1611832672962,"edit-email":"foo@gmail.com"}],"refs":[{"uid":"qrZ7KRrOY"},{"uid":"sVeeyCg_c"},{"uid":"btq3DWTU8"},{"uid":"C8gSzyStn"}],"uid":"wHq3jhCs-",":block/refs":[{":block/uid":"qrZ7KRrOY"},{":block/uid":"sVeeyCg_c"},{":block/uid":"btq3DWTU8"},{":block/uid":"C8gSzyStn"}],"string":"#42SmartBlock ADI and EBS - [[[[AoT]]/ADI: Agreement, Disagreement and Irrelevance]], [[[[AoT]]/EBS: Examine Both Sides]]","create-email":"foo@gmail.com","create-time":1611832672962,"edit-email":"foo@gmail.com"}],"uid":"jEz40HMKH","edit-time":1611857186426,"edit-email":"foo@gmail.com"}],"uid":"NsLBU9hSe","edit-time":1611826598389,"edit-email":"foo@gmail.com"}]