[{"create-email":"viczian.zsolt@gmail.com","create-time":1609528066490,"title":"How the Way We Talk Can Change the Way We Live","children":[{"string":"**The Four Transformational Languages**","create-email":"viczian.zsolt@gmail.com","create-time":1609584297330,"children":[{"string":"Your Mental Machine to Counter Your Immunity to Change","create-email":"viczian.zsolt@gmail.com","create-time":1609584280355,"uid":"7UWnPe2lj","edit-time":1609584313797,"edit-email":"viczian.zsolt@gmail.com"},{"string":"Based on [How The Way We Talk Can Change The Way We Live](https://www.zsolt.blog/2021/01/how-way-we-talk-can-change-way-we-live.html) post on [Zsolt.blog](https://www.zsolt.blog)","create-email":"viczian.zsolt@gmail.com","create-time":1609528068250,"children":[{"string":"{{iframe:https://www.zsolt.blog/2021/01/how-way-we-talk-can-change-way-we-live.html}}","create-email":"viczian.zsolt@gmail.com","create-time":1609529485845,"uid":"AGmjllDcy","edit-time":1609582517216,"edit-email":"viczian.zsolt@gmail.com"}],"uid":"ztH7yyC_q","edit-time":1609529485109,"edit-email":"viczian.zsolt@gmail.com"}],"uid":"9PPr20Wn8","edit-time":1609584297330,"edit-email":"viczian.zsolt@gmail.com"},{"string":"Exercise 1","create-email":"viczian.zsolt@gmail.com","create-time":1609582479895,"heading":1,"children":[{"string":"**Answer the following question:** What sort of things - if they were to happen more frequently in your work setting - would you experience as being more supportive of your own ongoing development at work? ","create-email":"viczian.zsolt@gmail.com","create-time":1609582579106,"children":[{"string":"Alternatively, if you find it easier, you can instead answer a slightly modified version of the question: What sorts of troubling, diminishing, or constraining things — if they were to happen less frequently — would you also find more supportive of your development?","create-email":"viczian.zsolt@gmail.com","create-time":1609582579106,"uid":"q82SmH1Ov","edit-time":1609582579106,"edit-email":"viczian.zsolt@gmail.com"},{"string":"Feel free to replace \"at work\" with whatever context is relevant to you: \"at school\", \"at home\", etc.","create-email":"viczian.zsolt@gmail.com","create-time":1609582579106,"uid":"pKGCckoN7","edit-time":1609582579106,"edit-email":"viczian.zsolt@gmail.com"},{"string":"As you answer the question(s) don't edit your responses based on reasonableness, possibility or likelihood. The question is meant to create a thinking exercise.","create-email":"viczian.zsolt@gmail.com","create-time":1609582579106,"uid":"-gcLrlo4h","edit-time":1609582579106,"edit-email":"viczian.zsolt@gmail.com"}],"uid":"JXLEuOeqU","edit-time":1609582579106,"edit-email":"viczian.zsolt@gmail.com"},{"string":"Your answers","create-email":"viczian.zsolt@gmail.com","create-time":1609582588422,"heading":3,"children":[{"string":" ","create-email":"viczian.zsolt@gmail.com","create-time":1609582643810,"uid":"Qi7O2bGdv","edit-time":1609582645801,"edit-email":"viczian.zsolt@gmail.com"},{"string":" ","create-email":"viczian.zsolt@gmail.com","create-time":1609582645797,"uid":"mwzFCzUty","edit-time":1609582647594,"edit-email":"viczian.zsolt@gmail.com"},{"string":"","create-email":"viczian.zsolt@gmail.com","create-time":1609582774904,"uid":"bjf88if0x","edit-time":1609582774904,"edit-email":"viczian.zsolt@gmail.com"}],"uid":"Cq2UzulW6","edit-time":1609582640431,"edit-email":"viczian.zsolt@gmail.com"}],"uid":"otgX-lOzq","edit-time":1609582567548,"edit-email":"viczian.zsolt@gmail.com"},{"string":"Exercise 2","create-email":"viczian.zsolt@gmail.com","create-time":1609582648197,"heading":1,"children":[{"string":"Behind each complaint there is something that you are deeply committed to, but can't realize to the extent you would want to. Take each of your responses to Exercise 1 and complete the following sentence for each: __\"I am committed to the importance and value of... \"__","create-email":"viczian.zsolt@gmail.com","create-time":1609582673614,"uid":"l9fxhlIUD","edit-time":1609582686813,"edit-email":"viczian.zsolt@gmail.com"},{"string":"Enter your answers to column 1 of the your Mental Machine below","create-email":"viczian.zsolt@gmail.com","create-time":1609582688759,"heading":3,"uid":"2WV68LDQL","edit-time":1609583472842,"edit-email":"viczian.zsolt@gmail.com"}],"uid":"SLP9YnV_F","edit-time":1609582673382,"edit-email":"viczian.zsolt@gmail.com"},{"string":"Exercise 3","create-email":"viczian.zsolt@gmail.com","create-time":1609583476917,"heading":1,"children":[{"string":"What are you doing, or not doing, that is keeping your commitment from being more fully realized?","create-email":"viczian.zsolt@gmail.com","create-time":1609583485508,"uid":"PXxUnFIYz","edit-time":1609583510826,"edit-email":"viczian.zsolt@gmail.com"},{"string":"Enter your answers to column 2 of the your Mental Machine below","create-email":"viczian.zsolt@gmail.com","create-time":1609583515390,"heading":3,"uid":"x3iWJQK_t","edit-time":1609583520149,"edit-email":"viczian.zsolt@gmail.com"}],"uid":"d-D8EmMMe","edit-time":1609583485284,"edit-email":"viczian.zsolt@gmail.com"},{"string":"Exercise 4","create-email":"viczian.zsolt@gmail.com","create-time":1609583521977,"heading":1,"children":[{"string":"Look at your answers to Exercise 3 and see if you can identify even vaguely like a fear or discomfort associated with doing other than what you have written as an answer (column 2 in the template). Write down this as a possible commitment you might be holding to prevent that thing which you are afraid of from happening in column 3 of the template. __\"I may also be committed to...\"__","create-email":"viczian.zsolt@gmail.com","create-time":1609583528358,"uid":"1tzKNYi24","edit-time":1609583550299,"edit-email":"viczian.zsolt@gmail.com"},{"string":"Enter your answers to column 3 of the your Mental Machine below","create-email":"viczian.zsolt@gmail.com","create-time":1609583557463,"heading":3,"uid":"7jm-IvoqS","edit-time":1609583665932,"edit-email":"viczian.zsolt@gmail.com"}],"uid":"UaqxGrPNn","edit-time":1609583528361,"edit-email":"viczian.zsolt@gmail.com"},{"string":"Exercise 5","create-email":"viczian.zsolt@gmail.com","create-time":1609583568680,"heading":1,"children":[{"string":"To uncover your big assumptions you need to compose an assumptive sentence stem using your column 3 commitments. ","create-email":"viczian.zsolt@gmail.com","create-time":1609583612257,"children":[{"string":"If in column 3 you have a negative commitment (e.g. __\"I'm committed to not being seen as boastful\"__), then remove the negative and form a sentence like this: __\"I assume that if I were to be seen as a boastful, then ...\"__","create-email":"viczian.zsolt@gmail.com","create-time":1609583612257,"uid":"7vgmSiBtA","edit-time":1609583612257,"edit-email":"viczian.zsolt@gmail.com"},{"string":"If there is no negative (e.g. __\"I may also be committed to pretend that I am invincible\"__) then add negative wording like this: __\"I assume that if I did not pretend to be invincible, then ...\"__","create-email":"viczian.zsolt@gmail.com","create-time":1609583612257,"uid":"q-blefEd3","edit-time":1609583612257,"edit-email":"viczian.zsolt@gmail.com"}],"uid":"XnfyiY-wd","edit-time":1609583612257,"edit-email":"viczian.zsolt@gmail.com"},{"string":"Once the assumptive sentence is ready, complete the sentence as quickly and as honestly as you can: **How will I feel, then?**","create-email":"viczian.zsolt@gmail.com","create-time":1609583612256,"uid":"wXQrnqX_i","edit-time":1609583612256,"edit-email":"viczian.zsolt@gmail.com"},{"string":"Enter your answers to column 4 of the your Mental Machine below","create-email":"viczian.zsolt@gmail.com","create-time":1609583654678,"heading":3,"uid":"9eAQh981Q","edit-time":1609583661996,"edit-email":"viczian.zsolt@gmail.com"}],"uid":"WDOlnkBVe","edit-time":1609583578462,"edit-email":"viczian.zsolt@gmail.com"},{"string":"Your Mental Machine","create-email":"viczian.zsolt@gmail.com","create-time":1609582785259,"heading":1,"children":[{"edit-time":1609583325461,"children":[{"string":"**Commitment**\nI am committed to the \nimportance and value of...","create-email":"viczian.zsolt@gmail.com","create-time":1609582821441,"children":[{"string":"**What I am doing or not doing \nthat prevents my commitment \nfrom being fully realized**","create-email":"viczian.zsolt@gmail.com","create-time":1609582821441,"children":[{"string":"**Competing Commitment**\nI might also be committed to ...","create-email":"viczian.zsolt@gmail.com","create-time":1609582821441,"children":[{"string":"**Big Assumptions**\nHow will I feel then?","create-email":"viczian.zsolt@gmail.com","create-time":1609582821441,"uid":"4lBGj2wld","edit-time":1609583629353,"edit-email":"viczian.zsolt@gmail.com"}],"uid":"SLlevtTb6","edit-time":1609583354063,"edit-email":"viczian.zsolt@gmail.com"}],"uid":"mjnZnOTso","edit-time":1609586120975,"edit-email":"viczian.zsolt@gmail.com"}],"uid":"K9JV_uSSO","edit-time":1609583407584,"edit-email":"viczian.zsolt@gmail.com"},{"string":"Commitment 1","create-email":"viczian.zsolt@gmail.com","create-time":1609582864589,"children":[{"string":"I may have ...\nI may lack ...\nI may be ...","create-email":"viczian.zsolt@gmail.com","create-time":1609582884937,"children":[{"string":"I might also be committed to ...\nI might also be committed to ...","create-email":"viczian.zsolt@gmail.com","create-time":1609582932589,"children":[{"string":"#big-assumption Big Assumption 1","create-email":"viczian.zsolt@gmail.com","create-time":1609583166042,"refs":[{"uid":"XI5B_QQHv"}],"uid":"bvQIQiuFQ","edit-time":1609584005565,"edit-email":"viczian.zsolt@gmail.com",":block/refs":[{":block/uid":"XI5B_QQHv"}]}],"uid":"d0GRlgwNB","edit-time":1609583162101,"edit-email":"viczian.zsolt@gmail.com"}],"uid":"TrKK6ng4G","edit-time":1609583147257,"edit-email":"viczian.zsolt@gmail.com"}],"uid":"LEkuo6H4E","edit-time":1609583421675,"edit-email":"viczian.zsolt@gmail.com"},{"string":"Commitment 2","create-email":"viczian.zsolt@gmail.com","create-time":1609583207360,"children":[{"string":"I may have ...\nI may lack ...\nI may be ...","create-email":"viczian.zsolt@gmail.com","create-time":1609583207360,"children":[{"string":"I might also be committed to ...\nI might also be committed to ...","create-email":"viczian.zsolt@gmail.com","create-time":1609583207360,"children":[{"string":"#big-assumption Big Assumption 2","create-email":"viczian.zsolt@gmail.com","create-time":1609583207360,"refs":[{"uid":"XI5B_QQHv"}],"uid":"mFAd9Y1Jx","edit-time":1609584005565,"edit-email":"viczian.zsolt@gmail.com",":block/refs":[{":block/uid":"XI5B_QQHv"}]}],"uid":"7l6hzQ_n-","edit-time":1609583207360,"edit-email":"viczian.zsolt@gmail.com"}],"uid":"-16VG_cO5","edit-time":1609583207360,"edit-email":"viczian.zsolt@gmail.com"}],"uid":"dXPwK-an3","edit-time":1609583437348,"edit-email":"viczian.zsolt@gmail.com"},{"string":"Commitment 3","create-email":"viczian.zsolt@gmail.com","create-time":1609582878389,"children":[{"string":"I may have ...\nI may lack ...\nI may be ...","create-email":"viczian.zsolt@gmail.com","create-time":1609583217357,"children":[{"string":"I might also be committed to ...\nI might also be committed to ...","create-email":"viczian.zsolt@gmail.com","create-time":1609583217357,"children":[{"string":"#big-assumption Big Assumption 3","create-email":"viczian.zsolt@gmail.com","create-time":1609583217357,"refs":[{"uid":"XI5B_QQHv"}],"uid":"vQm--SHAY","edit-time":1609584005565,"edit-email":"viczian.zsolt@gmail.com",":block/refs":[{":block/uid":"XI5B_QQHv"}]}],"uid":"DKd0uwXOW","edit-time":1609583217357,"edit-email":"viczian.zsolt@gmail.com"}],"uid":"WroL-epr3","edit-time":1609583217357,"edit-email":"viczian.zsolt@gmail.com"}],"uid":"FjEUrkiH3","edit-time":1609583433860,"edit-email":"viczian.zsolt@gmail.com"}],"refs":[{"uid":"IXNzWyCk1"}],"uid":"4ULN9ThuS",":block/refs":[{":block/uid":"IXNzWyCk1"}],"string":"{{[[table]]}}","create-email":"viczian.zsolt@gmail.com","create-time":1609582647588,"edit-email":"viczian.zsolt@gmail.com"}],"uid":"js8bLVYDn","edit-time":1609582785259,"edit-email":"viczian.zsolt@gmail.com"},{"string":"Creating a Distance Between Yourself and Your Big Assumptions","create-email":"viczian.zsolt@gmail.com","create-time":1609583685022,"heading":1,"children":[{"string":"Press the delta button next to each exercise to plant the reminders for these tasks to future Daily Notes pages in your graph. When the day comes reflect on the question and write down your response, then press the delta button again on your daily notes page to push the reminder forward by three days. When you reach the next step, you simply stop promoting the previous step to future days.","create-email":"viczian.zsolt@gmail.com","create-time":1609584595331,"uid":"8elIwUx22","edit-time":1609585701303,"edit-email":"viczian.zsolt@gmail.com"},{"string":"Each delta function is set up such, that it repeats every third day. When you press the delta buttons on this page today, Step 1 will first appear tomorrow, step 2 in three weeks, step 3 in six weeks, and step 4 in seven weeks.","create-email":"viczian.zsolt@gmail.com","create-time":1609585452308,"uid":"n5l58V9d2","edit-time":1609585727630,"edit-email":"viczian.zsolt@gmail.com"},{"string":"Step 1 - duration 3 weeks","create-email":"viczian.zsolt@gmail.com","create-time":1609584926096,"heading":3,"children":[{"string":"Observe yourself in relation to your big assumptions. Record your observations. {{[[∆]]:1+3}}\n__Do not try to change your big assumptions just yet. The task is simply to notice and keep track of what does or does not occur because of holding your big assumptions true. Record in your diary or share with your partner your observations. In what other areas of your life have you noticed your big assumption driving your actions?__\n{{[[query]]: {and: [[table]] [[big-assumption]] {not: [[query]]}}}}","create-email":"viczian.zsolt@gmail.com","create-time":1609584397401,"refs":[{"uid":"cF2ngu_XZ"},{"uid":"IXNzWyCk1"},{"uid":"uiOj9J6Y9"},{"uid":"XI5B_QQHv"}],"uid":"MO3Smx3vP","edit-time":1609588261239,"edit-email":"viczian.zsolt@gmail.com",":block/refs":[{":block/uid":"cF2ngu_XZ"},{":block/uid":"IXNzWyCk1"},{":block/uid":"uiOj9J6Y9"},{":block/uid":"XI5B_QQHv"}]}],"uid":"vZtyiWzZw","edit-time":1609585363912,"edit-email":"viczian.zsolt@gmail.com"},{"string":"Step 2 - duration 3 weeks","create-email":"viczian.zsolt@gmail.com","create-time":1609584939406,"heading":3,"children":[{"string":"Actively look for experiences that cast doubt on your big assumptions. Record your observations. {{[[∆]]:22+3}}\n__Still do not try to change your big assumptions. Lookout for any experiences that cast some doubt on the truthfulness of your big assumptions. Make note of these experiences or share with your partner.__\n{{[[query]]: {and: [[table]] [[big-assumption]] {not: [[query]]}}}}","create-email":"viczian.zsolt@gmail.com","create-time":1609584697520,"refs":[{"uid":"cF2ngu_XZ"},{"uid":"IXNzWyCk1"},{"uid":"uiOj9J6Y9"},{"uid":"XI5B_QQHv"}],"uid":"E2YDF6lYx","edit-time":1609588275601,"edit-email":"viczian.zsolt@gmail.com",":block/refs":[{":block/uid":"cF2ngu_XZ"},{":block/uid":"IXNzWyCk1"},{":block/uid":"uiOj9J6Y9"},{":block/uid":"XI5B_QQHv"}]}],"uid":"q2dVI6CBL","edit-time":1609585369695,"edit-email":"viczian.zsolt@gmail.com"},{"string":"Step 3 - duration 1 week","create-email":"viczian.zsolt@gmail.com","create-time":1609584962791,"heading":3,"children":[{"string":"Explore the history of your big assumptions. Record your observations. {{[[∆]]:43+3}}\n__Still do not try to change your big assumptions. Lookout for any experiences that cast some doubt on the truthfulness of your big assumptions. Make note of these experiences or share with your partner.__\n{{[[query]]: {and: [[table]] [[big-assumption]] {not: [[query]]}}}}","create-email":"viczian.zsolt@gmail.com","create-time":1609584880706,"refs":[{"uid":"cF2ngu_XZ"},{"uid":"IXNzWyCk1"},{"uid":"uiOj9J6Y9"},{"uid":"XI5B_QQHv"}],"uid":"me3OpmKeD","edit-time":1609588940614,"edit-email":"viczian.zsolt@gmail.com",":block/refs":[{":block/uid":"cF2ngu_XZ"},{":block/uid":"IXNzWyCk1"},{":block/uid":"uiOj9J6Y9"},{":block/uid":"XI5B_QQHv"}]}],"uid":"XQngdksu4","edit-time":1609585375945,"edit-email":"viczian.zsolt@gmail.com"},{"string":"Step 4 - duration 4 weeks","create-email":"viczian.zsolt@gmail.com","create-time":1609584979552,"heading":3,"children":[{"string":"Design and run a safe test of your big assumptions. Record your observations. {{[[∆]]:50+3}}\n__Design a modest safe test of your big assumption. Change perhaps something in your behavior and ask your partner, a friend or colleague to provide you with impressions and feedback when you run your experiment.  Note down your own observations.__\n{{[[query]]: {and: [[table]] [[big-assumption]] {not: [[query]]}}}}","create-email":"viczian.zsolt@gmail.com","create-time":1609584885400,"refs":[{"uid":"cF2ngu_XZ"},{"uid":"IXNzWyCk1"},{"uid":"uiOj9J6Y9"},{"uid":"XI5B_QQHv"}],"uid":"i2DjbMXEM","edit-time":1609585773650,"edit-email":"viczian.zsolt@gmail.com",":block/refs":[{":block/uid":"cF2ngu_XZ"},{":block/uid":"IXNzWyCk1"},{":block/uid":"uiOj9J6Y9"},{":block/uid":"XI5B_QQHv"}]}],"uid":"CrEz9w29b","edit-time":1609585390688,"edit-email":"viczian.zsolt@gmail.com"}],"uid":"v09-HSnX8","edit-time":1609583697211,"edit-email":"viczian.zsolt@gmail.com"}],"edit-time":1609584276428,"edit-email":"viczian.zsolt@gmail.com"}]